{"loss": [7214.81103515625, 3726.677490234375, 2632.994873046875, 2247.337890625, 2008.2789306640625, 1903.665283203125, 1843.3218994140625, 1784.4127197265625, 1699.5501708984375, 1610.078125, 1529.8409423828125, 1440.22705078125, 1323.5426025390625, 1183.5535888671875, 1091.67626953125, 974.0554809570312, 860.3621215820312, 748.3902587890625, 670.9812622070312, 600.1253662109375], "val_loss": [6315.48291015625, 2861.509521484375, 2327.8916015625, 2012.033447265625, 1917.2564697265625, 1984.6136474609375, 2058.39990234375, 1783.2479248046875, 1712.250732421875, 1948.1241455078125, 1968.8505859375, 1448.8682861328125, 1402.1646728515625, 1155.3033447265625, 1219.2518310546875, 1108.19775390625, 899.23779296875, 1222.8897705078125, 714.3609008789062, 624.9703979492188]}