,val_mse,val_mae,test_mse,test_mae
FD001,152.55625305960726,8.779599270178167,5380.57275390625,57.32154083251953
FD002,336.67631996710054,13.54791487411195,5188.4375,58.02739715576172
FD003,807.5511794017419,16.25299328225773,14091.5849609375,94.0766830444336
FD004,624.97063178403,17.505043457917846,11069.8369140625,84.059326171875
